"Pipedrive Name", "Capsule Name"
"A J Rose Carpets & Flooring", "A J Rose Carpets & Flooring"
"Flooring America", "A&M Flooring America/A&M Carpet"
"Rug and Home", "Rug and Home (Gaffney)"
"The Carpet Shoppe Inc", "The Carpet Shoppe Inc"
"Atiyeh Brothers", "Atiyeh Brothers"
"Abbey Capitol Floors & Interiors", "Abbey Capitol Floors & Interiors"
"Abbey Carpet and Floor Gallery", "Abbey Carpet and Floor Gallery  / Bradshaw Carpet Gallery"
"Abbey Carpet Flooring & Design Center", "Abbey Carpet Flooring & Design Center"
"Abbey Carpet Of Naples LLC ST1220", "Abbey Carpet Of Naples LLC ST1220"
"Abbey Carpets of San Francisco", "Abbey Carpets of San Francisco"
"Abbey Carpets Unlimited", "Abbey Carpets Unlimited"
"Carpet Man of York", "Carpet Man of York"
"ABC Carpet & Home", "ABC Carpet & Home - 102036"
"About Floors N More", "About Floors & More"
"Absolute Floor Design", "Absolute Floor Designs LLC"
"Ace Flooring", "Ace Flooring Systems Inc"
"Affordable Floors", "Affordable Floors"
"Aggieland Carpet One", "Aggieland Carpet One"
"Air Base Carpet Mart Inc", "Airbase Carpet Mart Inc"
"A J Rose Carpets & Flooring", "A J Rose Carpets & Flooring"
"Floor Master Carpet One", "Floor Master Carpet One"
"Aladdin Carpet and Floors", "Aladdin Carpet and Floors"
"Hunter Douglas Inc", "Hunter Douglas Inc"
"Albrite Carpets Inc", "Albrite Carpets Inc"
"Alexandria Carpet One Floor & Home / Commercial Carpets", "Alexandria Carpet One Floor & Home / Commercial Carpets"
"ALFORDS HOUSE OF CPTS", "ALFORDS HOUSE OF CPTS"
"Michigan Tile and Carpet", "Michigan Tile and Carpet"
"All About Flooring of SC", "All About Flooring of SC"
"Star Lumber", "Star Lumber"
"Allied Floor Covering", "Allied Floor Covering"
"Alpine Carpet One", "Alpine Carpet One"
"Flooring America", "Alpine Flooring America"
"Ambassador Floor Company", "Ambassador Floor Company"
"America's Carpet", "America's Carpet Outlet"
"American Carpet One The Carpet Shoppe Inc.", "American Carpet One The Carpet Shoppe Inc."
"American Custom Rug", "American Custom Rug"
"American Rug Company", "American Rug Company"
"Amore Floor Covering", "Amore Floor Covering"
"Bloomington Carpet & Floor", "Bloomington Carpet & Floor"
"Ayoub Carpet Service", "Ayoub Carpet Service"
"Anderson Furniture", "Anderson Furniture"
"Andersons Carpet One", "Andersons Carpet One"
"World of Carpet One Floor & Home", "World of Carpet One Floor & Home"
"CCA Global Partners, Inc.", "CCA Global Partners, Inc."
"Call for Carpet", "Call for Carpet"
"Carpet Country", "Carpet Country"
"Carpet Gallery", "Angelo's Carpet Gallery"
"Carpet Gallery", "Angelo's Carpet Gallery"
"Carpet One", "Angelo's Carpet One"
"Floors Of Distinction", "Floors Of Distinction"
"Apelian Carpets", "Apelian Carpets"
"Archer Floorcovering", "Archer Floorcovering"
"Armstrong Carpets", "Armstrong Carpets"
"Armstrong World Industries, Inc.", "Armstrong World Industries"
"Arnold's Carpet Max", "Arnold's Carpet Max"
"Flooring America", "Arnolds flooring america"
"ASK Contract Flooring / Flooring America", "ASK Contract Flooring / Flooring America"
"Atiyeh Brothers", "Atiyeh Brothers"
"Austin Fine Floors", "Austin Fine Floors"
"Avalanche Floor Coverings Inc", "Avalanche Floor Coverings Inc"
"AW Rugs & Carpet", "AW Rugs & Carpet"
"Ayoub Carpet Service", "Ayoub Carpet Service"
"B & B Flooring", "B & B Flooring - Carpet One"
"Bailey's Carpet One Floor and Home", "Bailey`s Carpet One Floor and Home"
"Baker Brothers", "Baker Brothers"
"Barb - Lin Carpet One", "Barb - Lin Carpet One"
"Powers Carpet One", "Powers Carpet One"
"Barnard's Carpet One", "Barnard's Carpet One"
"Barnetts Crenshaw Carpet", "Barnetts Crenshaw Carpet"
"Barrington Capet & Flooring Design", "Barrington Carpet & Flooring Design"
"Barry Carpet", "Barry Carpet"
"Legacy Floor Covering", "Legacy Floor Covering"
"Viking Range Corporation", "Viking Range Corporation"
"Carpet One", "Bastian Carpet One"
"Carpet One", "Benjaman's Carpet One"
"Bell's Carpets & Floors", "Bell's Carpets & Floors"
"Carpet One", "Benjaman's Carpet One"
"Yates Flooring Center", "Yates Flooring Center"
"Hallmark Floor Company Inc", "Hallmark Floor Company Inc"
"Anderson Furniture", "Anderson Furniture"
"Mohawk", "Mohawk Home"
"Flooring Innovations", "Flooring Innovations"
"Suburban Floor Covering Abbey Carpet", "Suburban Floor Covering Abbey Carpet"
"Bill's Carpet Fair Inc", "Bill's Carpet Fair"
"Bixby Plaza Carpets Plus", "Bixby Plaza Carpets Plus"
"Abbey Capitol Floors & Interiors", "Abbey Capitol Floors & Interiors"
"Bloomington Carpet & Floor", "Bloomington Carpet & Floor"
"ABC Carpet & Home", "ABC Carpet & Home"
"Phillips Floor to Ceilings", "Phillips Floor to Ceilings"
"Coles Fine Flooring", "Coles Fine Flooring"
"Viking Range Corporation", "Viking Range Corporation"
"Viking Range Corporation", "Viking Range Corporation"
"Carpet Designers", "Carpet Designers"
"Paint & Paper", "Paint & Paper"
"Bockrath Carpet & Rugs", "Bockrath Carpet & Rugs"
"Bode Floors, Div. CB Flooring", "Bode Floors, Div. CB Flooring"
"Boro Rug & Carpet", "Boro Rug & Carpet"
"Bradford Carpet One", "Bradford Carpet One"
"Mitchell's Floor Designs", "Mitchell's Floor Designs"
"Flooring America of Franklin", "Flooring America of Franklin"
"Go Green Flooring (Carpet Line)", "Go Green Flooring (Carpet Line)"
"Brentwood Carpets Inc", "Brentwood Carpets Inc"
"Weber Carpet Inc.", "Weber Carpet Inc."
"Hemphill's Rugs & Carpets", "Hemphill's Rugs & Carpets"
"Carousel Carpet and Floors Inc", "Carousel Carpet and Floors Inc"
"Flooring America", "Brian Barnard Flooring America"
"J & S Carpet Co", "J & S Carpet Co"
"Hunter Douglas Inc", "Hunter Douglas Inc"
"Viking Range Corporation", "Viking Range Corporation"
"Bridgeport Carpets", "Bridgeport Carpets"
"Bridgman's Furniture Inc", "Bridgman's Furniture Inc"
"Carpet One Floor and Home", "Brittons Carpet One Floor and Home / JMB Designs"
"Broadway Carpet", "Broadway Carpet"
"Armstrong World Industries, Inc.", "Armstrong World Industries"
"Floors Of Distinction", "Floors Of Distinction"
"American Carpet One The Carpet Shoppe Inc.", "American Carpet One The Carpet Shoppe Inc."
"Swanson Floor Coverings", "Swanson Floor Coverings"
"Brumbaugh's Fine Home Furnishings", "Brumbaugh's Fine Home Furnishings"
"Burritt Brothers Carpets", "Burritt Brothers Carpets"
"California Carpet", "California Carpet Center"
"California Design Inc", "California Designs"
"Call for Carpet", "Call for Carpet"
"CAP Carpet", "CAP Carpet"
"Cappy's Carpet", "Cappy's Carpet"
"Carillon Carpet & Rugs LLC", "Carillon Carpet & Rug LLC"
"Carlson's Floors", "Carlson's Floors Inc"
"Clean Carpets of New England dba Carpet Carousel", "Clean Carpets of New England dba Carpet Carousel"
"Bode Floors, Div. CB Flooring", "Bode Floors, Div. CB Flooring"
"Hagopian World of Rugs", "Hagopian World of Rugs"
"The Square Yard", "The Square Yard"
"Armstrong World Industries, Inc.", "Armstrong World Industries"
"Carolina Carpets", "Carolina Carpets"
"Floor Store", "Floor Store"
"Carousel Carpet and Floors Inc", "Carousel Carpet and Floors Inc"
"Carpet One Floor and Home", "Carpet Barn Carpet One Floor and Home"
"Carpet Corner", "Carpet Corner"
"Carpet Country", "Carpet Country"
"Carpet Country", "Carpet Country Flooring"
"Carpet Cowboys", "Carpet Cowboys & Flooring Inc."
"Carpet Den Interiors", "Carpet Den Interiors"
"Carpet Depot", "Carpet Depot"
"Carpet Designers", "Carpet Designers"
"Carpet Exchange", "Carpet Exchange -TX"
"Carpet Exchange", "CARPET EXCHANGE"
"Carpet Fashions Carpet One", "Carpet Fashions Carpet One"
"Carpet Galleria Inc.", "Carpet Galleria Inc."
"Carpet Gallery & Interiors Inc", "Carpet Gallery & Interiors Inc"
"Carpet Image", "Carpet Image Services"
"Carpet Man of York", "Carpet Man of York"
"Carpet Mill PBK/ Carpet Mill Outlet", "Carpet Mill PBK/ Carpet Mill Outlet"
"Carpet N Drapes", "Carpet n Drapes"
"Carpet One", "Carpet One by Henry"
"Carpet One Floor & Home", "Carpet One Floor & Home IN"
"Carpet One Floor & Home", "Carpet One Floor and Home"
"Carpet One Mentor", "Carpet One Mentor"
"Carpet One", "Carpet One of Rochester"
"Carpet One of San Ramon Floor & Home", "Carpet One of San Ramon Floor & Home"
"Carpet Royale", "Carpet Royale"
"Carpet Specialists", "Carpet Specialists of Ishpeming Inc"
"CARPET STUDIO THE", "Carpet Studio"
"CARPET STUDIO THE", "CARPET STUDIO THE"
"Carpet Trends", "Carpet Trends"
"Carpet Value Center / Flooring America of White Plains", "Carpet Value Center / Flooring America of White Plains"
"Carpet Village", "Carpet Village"
"Carpet Your World", "Carpet Your World"
"Carpetland", "Carpetland"
"Carpetland of New England", "Carpetland of New England"
"Carpetland", "Carpetland USA of Alabama Inc"
"Carpets and Floors Inc", "Carpets and Floors Inc"
"Carpets by French", "Carpets by French"
"Carpets by Phillip`s", "Carpets by Phillip`s"
"Carpets of Cape Cod", "Carpets of Cape Cod and More"
"Carpets of Dalton", "Carpets of Dalton"
"Halverson Carpet Center", "Halverson Carpet Center"
"Cartozian Fine Flooring", "Cartozian Fine Flooring"
"CCA Global Partners, Inc.", "CCA Global Partners, Inc."
"Celebrity Carpet & Interiors DBA NAFFCO", "Celebrity Carpet & Interiors DBA NAFFCO"
"Centex Carpet & Interiors", "Centex Carpet & Interiors"
"Madison Carpet", "Madison Carpet"
"Nigohsian Carpet and Rug", "Nigohsian Carpet and Rug"
"Clifton Carpets Inc", "Clifton Carpets Inc"
"Ambassador Floor Company", "Ambassador Floor Company"
"Chase Carpets & Tile", "Chase Carpets & Tile"
"CAP Carpet", "CAP Carpet"
"Clifton Carpets Inc", "Clifton Carpets Inc"
"Cherry Carpet", "Cherry Carpet"
"Lexington Carpet One", "Lexington Carpet One"
"Husqvarna Forest & Garden Products", "Husqvarna Forest & Garden Products"
"Choice Floor Specialists Inc", "Choice Floor Specialists"
"Value Carpet One", "Value Carpet One"
"Mannington", "Mannington Mills, Inc."
"Flaherty's Flooring America", "Flaherty's Flooring America"
"Worldwide Wholesale Floor Covering", "Worldwide Wholesale Floor Covering"
"Dalton West of Newnan", "Dalton West of Newnan"
"Alexandria Carpet One Floor & Home / Commercial Carpets", "Alexandria Carpet One Floor & Home / Commercial Carpets"
"O'Briens Carpet One", "O'Briens Carpet One"
"Carpet Cowboys", "Carpet Cowboys & Flooring Inc."
"Dover Fine Rug & Carpeting", "Dover Fine Rug & Carpeting"
"Subzero Freezer Company Inc.", "Subzero Freezer Company Inc."
"Bloomington Carpet & Floor", "Bloomington Carpet & Floor"
"MUFI International / Park Carpet", "MUFI International / Park Carpet"
"Carpets by Phillip`s", "Carpets by Phillip`s"
"Churchills", "Churchills Rugs and Carpets"
"Cinderella Flooring Carpet One", "Cinderella Flooring Carpet One"
"Value Carpet One", "Value Carpet One"
"Braintree Rug Co", "Braintree Rug Co"
"Classic Carpet One/Classic Floorcovering", "Classic Carpet One/Classic Floorcovering"
"Classic Carpets Inc", "Classic Carpets Inc"
"Clean Carpets of New England dba Carpet Carousel", "Clean Carpets of New England dba Carpet Carousel"
"Clifton Carpets Inc", "Clifton Carpets Inc"
"Carpet One", "Coastal Carpet One"
"Cole's Interior Design Center", "Cole's Interior Design Center"
"Coles Fine Flooring", "Coles Fine Flooring"
"Colonial Brandywine Rug Co", "Colonial Brandywine Rug Co"
"Commercial Carpet & Rug / Commercial Carpet Corp", "Commercial Carpet & Rug / Commercial Carpet Corp"
"Contempo Floor Covering", "Contempo Floor Covering"
"Contract Carpet Systems", "Contract Carpet Systems"
"Tahoe Specialty Carpets & Design Center", "TAHOE SPECIALTY CARPETS & DESIGN CENTER"
"Corter's Flooring America", "Corter's Flooring America"
"Craft Rug Mills", "Craft Rug Mills"
"Marett Carpet", "Marett Carpet"
"Warners Rug & Carpet Outlet", "Warners Rug & Carpet Outlet"
"CREATIVE CARPETS OF WINTERSVILLE INC", "CREATIVE CARPETS OF WINTERSVILLE INC"
"Creative Interiors", "Creative Interiors"
"Crest Wholesale Carpet Distributors", "Crest Wholesale Carpet Distributors/Crown Carpetland"
"Carpet Exchange", "Carpet Exchange -TX"
"Culver Rug Company", "Culver Rug Company"
"Custom Carpet Centers", "Custom Carpet Centers"
"Custom Tile Works", "Custom Tile Works"
"CW Floors", "CW Floors"
"Viking Range Corporation", "Viking Range Corporation"
"Dalene Flooring", "Dalene Flooring"
"Dales Carpet One of Ft. Collins", "Dales Carpet One of Ft. Collins"
"Dalton Carpet One", "Dalton Carpet One"
"Dalton Floorcovering Inc", "Dalton Floorcovering Inc"
"Viking Range Corporation", "Viking Range Corporation"
"Rysers Floorcovering", "Rysers Floorcovering"
"Hunter Douglas Inc", "Hunter Douglas Inc"
"The Dixie Group", "The Dixie Group, Inc."
"Bridgman's Furniture Inc", "Bridgman's Furniture Inc"
"Flooring Gallery", "Flooring Gallery"
"Standale Interiors", "Standale Interiors"
"The Dixie Group", "The Dixie Group, Inc."
"Bixby Plaza Carpets Plus", "Bixby Plaza Carpets Plus"
"Worldwide Wholesale Floor Covering", "Worldwide Wholesale Floor Covering"
"Floorcrafters", "Floorcrafters"
"American Rug Company", "American Rug Company"
"Foremost Interiors", "Foremost Interiors"
"Kermans Fine Flooring", "Kermans Fine Flooring"
"Viking Range Corporation", "Viking Range Corporation"
"Flooring America", "Dave Griggs Flooring America"
"American Carpet One The Carpet Shoppe Inc.", "American Carpet One The Carpet Shoppe Inc."
"NJDX New Jeresy Decorating Exchange", "NJDX New Jeresy Decorating Exchange"
"Carpet Mill PBK/ Carpet Mill Outlet", "Carpet Mill PBK/ Carpet Mill Outlet"
"Connell Carpet One", "Connell Carpet One"
"Deel's Floor Covering", "Deel's Floor Coverings"
"The Dixie Group", "The Dixie Group, Inc."
"Poppell Brothers", "Poppell Brothers"
"Carpet Fashions Carpet One", "Carpet Fashions Carpet One"
"Carpet Galleria Inc.", "Carpet Galleria Inc."
"Rite Loom Carpet Co", "Rite Loom Carpet Co"
"Armstrong World Industries, Inc.", "Armstrong World Industries"
"Carpet Depot", "Carpet Depot"
"Baker Interiors Inc", "Baker Interiors Inc"
"Sail On Carpet", "Sail on Carpet"
"Carpet Specialists", "Carpet Specialists of Ishpeming Inc"
"Deel's Floor Covering", "Deel's Floor Coverings"
"Affordable Floors", "Affordable Floors"
"The Carpet Shoppe Inc", "The Carpet Shoppe Inc"
"The Dixie Group", "The Dixie Group, Inc."
"Design Gallery", "Design Gallery"
"Designer Carpets", "Designer Carpets"
"DeSitter Flooring Inc", "DeSitter Flooring Inc"
"Freeds Fine Furnishings", "Freeds Fine Furnishings"
"Dulmes Decor / Carpet One", "Dulmes Decor / Carpet One"
"Dillabaughs Flooring America", "Dillabaugh`s Flooring America"
"Dobson Flooring America", "Dobson Flooring America"
"Kelley Karpets", "Kelley Karpets"
"Don Greers Fashion Floors", "Don Greers Fashion Floors"
"Hunter Douglas Inc", "Hunter Douglas Inc"
"Flooring America", "Kepples Carpet Flooring America"
"Johnson Carpet One Floor & Home", "Johnson Carpet One Floor & Home"
"Armstrong World Industries, Inc.", "Armstrong World Industries"
"Drenners Carpet Gallery", "Drenners Carpet Gallery"
"Drexel Incorporated", "Drexel Incorporated"
"Dulmes Decor / Carpet One", "Dulmes Decor / Carpet One"
"Carpet One", "East Windsor Carpet One"
"Flooring Gallery", "Echo Flooring Gallery"
"Classic Carpet One/Classic Floorcovering", "Classic Carpet One/Classic Floorcovering"
"Culver Rug Company", "Culver Rug Company"
"Allen carpet", "Allen carpet"
"Heritage Carpet Redi-Cut Carpet", "Heritage Carpet  Redi-Cut Carpet"
"EMW Carpet & Furniture", "EMW Carpet & Furniture"
"Burkholder's Floor Covering Inc", "Burkholder's Floor Covering Inc"
"The Flooring Center Orlando", "The Flooring Center Orlando"
"Erskine Interiors", "Erskine Interiors"
"Hagopian Rug Outlet", "Rug Outlet"
"Espinoza Flooring", "Espinoza Flooring"
"Essis & Sons Carpet", "Essis & Sons Carpet"
"Excelsior Paint and Design - Carpet One", "Excelsior Paint and Design - Carpet One"
"Executive Floors Inc.", "Executive Floors"
"Exeter Decorating Center Inc", "Exeter Decorating Center Inc"
"Faber's Rug Company", "Faber's Rug Company"
"Fairchild Floors", "Fairchild Floors"
"Family Floors", "Family Floors"
"Feasterville Floor", "Feasterville Floor"
"Carpet Corner", "Felikian Bros Carpet Corner"
"Fenway Floor Covering Inc", "Fenway Floor Covering Inc"
"Finstad's Carpet One", "Finstad's Carpet One"
"Fishers Floor Covering", "Fishers Floor Covering"
"Flaherty's Flooring America", "Flaherty's Flooring America"
"Flairmont Furniture", "Flairmont Furniture - Carpet One"
"Floor Creations", "Floor Creations"
"Floor Decor", "Floor Decor"
"Floor Dimensions", "Floor Dimensions"
"Floor Rio & Abbey Carpets Inc", "Floor Rio & Abbey Carpets Inc"
"Floor Store", "Floor Store"
"Floor Stores Of America", "Floor Stores Of America"
"Floorcrafters", "Floorcrafters"
"Flooring and More", "Flooring & More"
"Flooring America of Franklin", "Flooring America of Franklin"
"Flooring America of Pinehurst", "Flooring America of Pinehurst"
"Flooring by Cogdill", "Flooring by Cogdill"
"Flooring Expo", "Flooring Expo"
"Flooring Gallery", "Flooring Gallery"
"Flooring Gallery & More / Robson Communities", "Flooring Gallery & More / Robson Communities"
"Flooring Gallery", "Flooring Gallery of Addison"
"Flooring Innovations", "Flooring Innovations"
"Flooring Max / Main Office", "Flooring Max"
"Floors Of Distinction", "Floors Of Distinction"
"Florcraft Inc.", "Florcraft Inc."
"Florence Carpet & Tile", "Florence Carpet & Tile"
"Florida Floor Fashions", "Florida Floor Fashions"
"Floorida Floors", "Florida Floors"
"Foremost Interiors", "Foremost Interiors"
"Fox Floors", "Fox Floors"
"Franey Floor Coverings - Carpet One", "Franey Floor Coverings - Carpet One"
"Drenners Carpet Gallery", "Drenners Carpet Gallery"
"Essis & Sons Carpet", "Essis & Sons Carpet"
"Carpet One", "Modern Carpet One"
"Armstrong World Industries, Inc.", "Armstrong World Industries"
"A J Rose Carpets & Flooring", "A J Rose Carpets & Flooring"
"Fred Callaghan Carpet & Flooring", "Fred Callaghan Carpet & Flooring"
"Viking Range Corporation", "Viking Range Corporation"
"Bell's Carpets & Floors", "Bell's Carpets & Floors"
"Home Interiors", "Home Interiors"
"SELECT CARPET AND FLOOR INC.", "SELECT CARPET AND FLOOR INC."
"Interiors & Textiles", "Interiors & Textiles"
"Frederick Street Carpet", "Frederick Street Carpet"
"Freeds Fine Furnishings", "Freeds Fine Furnishings"
"Nebraska Furniture Mart", "Furniture Mart"
"G Fried Carpet", "G Fried Carpet"
"G. Fried Carpet / Rug Works", "G. Fried Carpet / Rug Works"
"Gardner Floor Covering", "Gardner Floor Covering"
"Flooring by Cogdill", "Flooring by Cogdill"
"Dulmes Decor / Carpet One", "Dulmes Decor / Carpet One"
"Kuhn Carpet and Tile", "Kuhn Carpet and Tile"
"Coles Fine Flooring", "Coles Fine Flooring"
"Carpet One Floor & Home", "Carpet One Floor & Home IN"
"Carpetland of New England", "Carpetland of New England"
"Mill Creek Carpet and Tile", "Mill Creek Carpet & Tile"
"Dales Carpet One of Ft. Collins", "Dales Carpet One of Ft. Collins"
"Carpets and Floors Inc", "Carpets and Floors Inc"
"Venetian Blind Carpet One", "Venetian Blind Carpet One"
"George Kashou Co Inc", "George Kashou Co Inc"
"Giant Floor & Wallcovering", "Giant Floor & Wallcovering"
"Husqvarna Forest & Garden Products", "Husqvarna Forest & Garden Products"
"Flooring America", "Glovers Flooring America"
"Flooring Gallery", "Gold River Flooring Gallery"
"Dalene Flooring", "Dalene Flooring"
"Great American Carpet Store", "Great American Carpet Store"
"Great Floors", "Great Floors"
"Greater Tennessee Flooring", "Greater Tennessee Flooring"
"Flooring Center Inc", "Greer Flooring Center Inc"
"Flooring Max / Main Office", "Flooring Max"
"Griffin's Floorcrafters", "Griffin's Floorcrafters"
"Grindstaff's", "Grindstaff's Interiors"
"Carpetland of New England", "Carpetland of New England"
"Tire Centers Inc. ", "Tire Centers Inc."
"Venetian Blind Carpet One", "Venetian Blind Carpet One"
"Hadinger Carpet", "Hadinger Carpet"
"Hagopian World of Rugs", "Hagopian World of Rugs"
"Hall's Flooring", "Hall's Flooring"
"Flooring America", "Halpin's Flooring America"
"Halverson Carpet Center", "Halverson Carpet Center"
"Hamernick Decorating Center", "Hamernick Decorating Center"
"Brentwood Carpets Inc", "Brentwood Carpets Inc"
"Harry`s Carpet One", "Harry`s Carpet One"
"Burritt Brothers Carpets", "Burritt Brothers Carpets"
"Piedmont Flooring & Design / Kemper Carpet", "Piedmont Flooring & Design / Kemper Carpet"
"Hemphill's Rugs & Carpets", "Hemphill's Rugs & Carpets"
"Carpet One Floor and Home", "Henley's Carpet One Floor and Home"
"Carpet One", "Carpet One by Henry"
"Sharp Carpet & Ceramic Tile Inc", "Sharp Carpet & Ceramic Tile Inc"
"Heritage Carpet Redi-Cut Carpet", "Heritage Carpet  Redi-Cut Carpet"
"Heritage Place Gallery of Floors", "Heritage Place Gallery of Floors, Inc."
"Cliffside Floors", "Cliffside Floors"
"Hester's Abbey Floor Covering", "Hester's Abbey Floor Covering"
"Stoneridge Flooring Design", "Stoneridge Flooring Design"
"Hunter Douglas Inc", "Hunter Douglas Inc"
"HJ Martin", "HJ Martin"
"Hoffman FLOOR AND HOME", "Hoffman FLOOR AND HOME"
"Holloway Floor Covering", "Holloway Floor Covering"
"HOME BEAUTIFUL INC", "HOME BEAUTIFUL INC"
"Home Choice", "Home Choice"
"GRANDE DESIGNER FLOORCOVERING", "HONACHER INC / GRANDE DESIGNER FLOORCOVERING"
"Honquest Furniture for Living", "Honquest Furniture for Living"
"Hoosier Floor Covering / Carpets Plus Colortile", "Hoosier Floor Covering / Carpets Plus Colortile"
"Carpet One", "Hosner Carpet One"
"Hunter Douglas Inc", "Hunter Douglas Inc"
"Husqvarna Forest & Garden Products", "Husqvarna Forest & Garden Products"
"Independent Floor Covering of Port Huron Inc.", "Independent Floor Covering of Port Huron Inc."
"Independent Flooring Center", "Independent Flooring Center"
"Indiana Flooring", "Indiana Flooring & Lino"
"Interiors & Textiles", "Interiors & Textiles"
"Interiors By France", "Interiors by France"
"INTERIORS BY KRIS", "INTERIORS BY KRIS"
"Iskalis Interiors", "Iskalis Interiors"
"J B Lewis Carpets", "J B Lewis Carpets"
"Carpet One Floor & Home", "Jabro Carpet One Floor & Home"
"Commercial Carpet & Rug / Commercial Carpet Corp", "Commercial Carpet & Rug / Commercial Carpet Corp"
"Maloney Carpet One", "Maloney Carpet One"
"Home Choice", "Home Choice"
"Jack Twohig's Floor Covering", "Jack Twohig's Floor Covering"
"Jack's Carpet", "Jack's Carpet"
"Jacobi's Carpet One", "Jacobi's Carpet One"
"Kelly's Carpet Omaha", "Kelly's Carpet Omaha"
"J & S Carpet Co", "J & S Carpet Co"
"Jaime's Design and Floor", "Jaime's Design and Floor"
"Hodge Carpets", "Hodge Carpets, Inc"
"Tolivers Carpet One / House of Carpet", "Tolivers Carpet One / House of Carpet"
"Standale Interiors", "Standale Interiors"
"Menke Floors", "Menke Floors"
"Tudor Carpet One", "Tudor Carpet One"
"Viking Range Corporation", "Viking Range Corporation"
"Home Interiors", "Home Interiors"
"Abbey Carpets Unlimited", "Abbey Carpets Unlimited"
"Custom Carpet Centers", "Custom Carpet Centers"
"JB Factory Carpet", "JB Factory Carpet"
"Modern Tile & Carpet, Inc", "Modern Tile & Carpet, Inc"
"CW Floors", "CW Floors"
"Abbey Carpet of Grand Junction", "Abbey Carpet of Grand Junction"
"Specialty Carpet Showroom", "Specialty Carpet Showroom"
"Ambassador Floor Company", "Ambassador Floor Company"
"Armstrong World Industries, Inc.", "Armstrong World Industries"
"Yonan Carpet One Floor and Home", "Yonan Carpet One Floor and Home"
"Taylor Carpet One Floor & Home", "Taylor Carpet One Floor & Home"
"Mohawk", "Mohawk Home"
"Ingrams Carpet & Tile", "Ingrams Carpet & Tile"
"Home Plus Floors", "Home Plus Floors"
"Venetian Blind Carpet One", "Venetian Blind Carpet One"
"Bradford Carpet One", "Bradford Carpet One"
"Hunter Douglas Inc", "Hunter Douglas Inc"
"Hunter Douglas Inc", "Hunter Douglas Inc"
"Jim Boyd's Flooring America", "Jim Boyd's Flooring America"
"Sergenian`s Floor Coverings", "Sergenian`s Floor Coverings"
"Hunter Douglas N.V.", "Hunter Douglas N.V."
"Hunter Douglas Inc", "Hunter Douglas Inc"
"Classic Carpet One/Classic Floorcovering", "Classic Carpet One/Classic Floorcovering"
"Mohawk", "Mohawk Home"
"Moorman's Carpets Inc", "Moorman's Carpets Inc"
"Husqvarna Forest & Garden Products", "Husqvarna Forest & Garden Products"
"Jimmie Lyles Carpets", "Jimmie Lyles Carpet"
"Flooring America of Franklin", "Flooring America of Franklin"
"Armstrong World Industries, Inc.", "Armstrong World Industries"
"Armstrong World Industries, Inc.", "Armstrong World Industries"
"Dover Fine Rug & Carpeting", "Dover Fine Rug & Carpeting"
"CW Floors", "CW Floors"
"Jacobi's Carpet One", "Jacobi's Carpet One"
"Carpets of Cape Cod", "Carpets of Cape Cod and More"
"Bay State Rug", "Bay State Rug"
"Joers Floor Center", "Joers Floor Center"
"Subzero Freezer Company Inc.", "Subzero Freezer Company Inc."
"Carpet One", "John Bloeser Carpet One"
"A J Rose Carpets & Flooring", "A J Rose Carpets & Flooring"
"Armstrong World Industries, Inc.", "Armstrong World Industries"
"Hoosier Floor Covering / Carpets Plus Colortile", "Hoosier Floor Covering / Carpets Plus Colortile"
"LaRocco Floor Coverings", "LaRocco Floor Coverings, Inc."
"Custom Tile Works", "Custom Tile Works"
"DeSitter Flooring Inc", "DeSitter Flooring Inc"
"Taylor Carpet One Floor & Home", "Taylor Carpet One Floor & Home"
"California Carpet", "California Carpet Center"
"Viking Range Corporation", "Viking Range Corporation"
"Johnson Carpet One Floor & Home", "Johnson Carpet One Floor & Home"
"The Dixie Group", "The Dixie Group, Inc."
"Jones Flooring America", "Jones Flooring America"
"Mohawk", "Mohawk Home"
"Flooring Systems", "JP Flooring Systems, Inc."
"Americarpet Inc", "Americarpet Inc"
"Armstrong World Industries, Inc.", "Armstrong World Industries"
"Flooring America", "Glovers Flooring America"
"Just Carpets", "Just Carpets"
"CCA Global Partners, Inc.", "CCA Global Partners, Inc."
"K & N CARPET", "K & N Carpet"
"K & Y Carpet One Floor & Home", "K & Y Carpet One Floor & Home"
"K.A. Pridjian & Co.", "K.A. Pridjian & Co."
"Tudor Carpet One", "Tudor Carpet One"
"Speedwell Design", "Speedwell Design"
"Hunter Douglas Inc", "Hunter Douglas Inc"
"Hunter Douglas Inc", "Hunter Douglas Inc"
"Oriental Rug Gallery of Texas", "Oriental Rug Gallery of Texas - Austin"
"Rite Loom Carpet Co", "Rite Loom Carpet Co"
"KPM Flooring", "KPM Flooring"
"Hunter Douglas Inc", "Hunter Douglas Inc"
"Hunter Douglas Inc", "Hunter Douglas Inc"
"Hall's Flooring", "Hall's Flooring"
"Kelletts Floors & Interiors Inc", "Kelletts Floors & Interiors Inc"
"Star Lumber", "Star Lumber"
"Kelley Karpets", "Kelley Karpets"
"Kelly's Carpet Omaha", "Kelly's Carpet Omaha"
"Kemper Carpet of Maryland", "Kemper Carpet of Maryland"
"Seminole Carpet", "Seminole Carpet"
"Great Floors", "Great Floors"
"DeSitter Flooring Inc", "DeSitter Flooring Inc"
"Ingrams Carpet & Tile", "Ingrams Carpet & Tile"
"Cleveland Floor Covering/Abbey 341", "Cleveland Floor Covering/Abbey 341"
"Carpetland", "Kent's Carpetland"
"Flooring America", "Kepples Carpet Flooring America"
"Kermans Fine Flooring", "Kermans Fine Flooring"
"Kerns Carpets", "Kerns Carpets"
"Metro Design Center", "Metro Design Center"
"Marett Carpet", "Marett Carpet"
"Carpet One", "Carpet One Glenwood"
"Hunter Douglas Inc", "Hunter Douglas Inc"
"Wayne Wiles Floor Covering", "Wayne Wiles Floor Covering"
"Kisers Floor Fashions", "Kisers Floor Fashions"
"KPM Flooring", "KPM Flooring"
"Krauseneck Carpet One Floor & Home", "Krauseneck Carpet One Floor & Home"
"Husqvarna Forest & Garden Products", "Husqvarna Forest & Garden Products"
"Kuhn Carpet and Tile", "Kuhn Carpet and Tile"
"Meelan Rug Co.", "Meelan Rug Co."
"La Salle Bristol", "La Salle Bristol"
"LaCour`s Carpet World Abbey Carpet & Floor", "LaCour`s Carpet World Abbey Carpet & Floor"
"Excelsior Paint and Design - Carpet One", "Excelsior Paint and Design - Carpet One"
"Landers Premier Flooring", "Landers Premier Flooring"
"Landry & Arcari", "Landry & Arcari"
"LaRocco Floor Coverings", "LaRocco Floor Coverings, Inc."
"Brumbaugh's Fine Home Furnishings", "Brumbaugh's Fine Home Furnishings"
"Floor Store", "Floor Store"
"Leftwich Chapman Designer Floors", "Leftwich Chapman Designer Floors"
"Ambassador Floor Company", "Ambassador Floor Company"
"Burritt Brothers Carpets", "Burritt Brothers Carpets"
"Bailey's Carpet One Floor and Home", "Bailey`s Carpet One Floor and Home"
"Fishers Floor Covering", "Fishers Floor Covering"
"Leftwich Chapman Designer Floors", "Leftwich Chapman Designer Floors"
"Legacy Floor Covering", "Legacy Floor Covering"
"Lehms Inc/Carpetland", "Lehms Inc/Carpetland"
"Levi's 4 Floors", "Levi's 4 Floors"
"All About Flooring of SC", "All About Flooring of SC"
"Lewis Floor & Home", "Lewis Floor & Home"
"Lexington Carpet One", "Lexington Carpet One"
"Barb - Lin Carpet One", "Barb - Lin Carpet One"
"Hunter Douglas Inc", "Hunter Douglas Inc"
"Flooring Max / Main Office", "Flooring Max"
"Carpet One", "Lippert`s Carpet One"
"City Tile & Floor Covering", "City Tile & Floor Covering"
"The Dixie Group", "The Dixie Group, Inc."
"K & Y Carpet One Floor & Home", "K & Y Carpet One Floor & Home"
"Carlson's Floors", "Carlson's Floors Inc"
"American Rug Company", "American Rug Company"
"Flooring Max / Main Office", "Flooring Max"
"Hunter Douglas Inc", "Hunter Douglas Inc"
"Viking Range Corporation", "Viking Range Corporation"
"Viking Range Corporation", "Viking Range Corporation"
"ALFORDS HOUSE OF CPTS", "ALFORDS HOUSE OF CPTS"
"Classic Carpet One/Classic Floorcovering", "Classic Carpet One/Classic Floorcovering"
"Rysers Floorcovering", "Rysers Floorcovering"
"Lonnies Carpet", "Lonnies Carpet"
"Abbey Capitol Floors & Interiors", "Abbey Capitol Floors & Interiors"
"Summerlin Floors Inc.", "Summerlin Floors Inc."
"Prenger Furniture", "Prenger Furniture"
"Louis Shanks of Texas", "Louis Shanks of Texas"
"Luna Flooring Gallery", "Luna Flooring Gallery"
"Hunter Douglas Inc", "Hunter Douglas Inc"
"Hunter Douglas Inc", "Hunter Douglas Inc"
"M M M Carpets", "M M M Carpets"
"Macco's Flooring Inc", "Macco's Flooring Inc"
"Madison Carpet", "Madison Carpet"
"Magic Carpet & Drapery", "Magic Carpet & Drapery"
"Dover Fine Rug & Carpeting", "Dover Fine Rug & Carpeting"
"Malkins Carpets Inc.", "Malkins Carpets Inc."
"Maloney Carpet One", "Maloney Carpet One"
"Manasota Flooring Inc", "Manasota Flooring Inc"
"Mannington", "Mannington Mills, Inc."
"Marett Carpet", "Marett Carpet"
"Marina Carpet", "Marina Carpet"
"Grand Design", "Grand Design Floors"
"Color Interiors", "Color Interiors"
"Hoosier Floor Covering / Carpets Plus Colortile", "Hoosier Floor Covering / Carpets Plus Colortile"
"The Rug Gallery of Zionsville", "The Rug Gallery of Zionsville"
"Preferred Floors", "Preferred Floors"
"Atiyeh Brothers", "Atiyeh Brothers"
"Flooring Gallery & More / Robson Communities", "Flooring Gallery & More / Robson Communities"
"Carpet Your World", "Carpet Your World"
"Stoneridge Flooring Design", "Stoneridge Flooring Design"
"The Floor Store", "The Floor Store (AZ)"
"Armstrong World Industries, Inc.", "Armstrong World Industries"
"Marshall Rug Gallery", "Marshall Rug Gallery"
"Marshfield Flooring", "Marshfield Flooring"
"Kisers Floor Fashions", "Kisers Floor Fashions"
"Malkins Carpets Inc.", "Malkins Carpets Inc."
"Sherlock's Carpet & Tile", "Sherlock's Carpet & Tile"
"Craft Rug Mills", "Craft Rug Mills"
"Brumbaugh's Fine Home Furnishings", "Brumbaugh's Fine Home Furnishings"
"Tuttle's Carpet & Draperies", "Tuttle's Carpet & Draperies"
"City Tile & Floor Covering", "City Tile & Floor Covering"
"Viking Range Corporation", "Viking Range Corporation"
"Rob's Custom Flooring", "Rob's Custom Flooring"
"Myers Floors & Interiors", "Myers Floors & Interiors"
"AW Rugs & Carpet", "AW Rugs & Carpet"
"Flooring America", "Mazza`s Flooring America"
"McCool's Flooring Outlet", "McCool's Flooring Outlet"
"McSwain Carpets", "McSwain Carpets"
"Meelan Rug Co.", "Meelan Rug Co."
"Carpet Specialists", "Carpet Specialists of Ishpeming Inc"
"CCA Global Partners, Inc.", "CCA Global Partners, Inc."
"Clean Carpets of New England dba Carpet Carousel", "Clean Carpets of New England dba Carpet Carousel"
"Menke Floors", "Menke Floors"
"Merkel Carpet One", "Merkel Carpet One"
"Design Gallery", "Design Gallery"
"Messner Carpeting", "Messner Carpeting"
"Metro Design Center", "Metro Design Center"
"Miami Carpet & Tile", "Miami Carpet & Tile"
"Absolute Floor Design", "Absolute Floor Designs LLC"
"Atlanta Flooring Design Center", "Atlanta Flooring Design Center"
"Cinderella Flooring Carpet One", "Cinderella Flooring Carpet One"
"Carpet Gallery", "Angelo's Carpet Gallery"
"All About Flooring of SC", "All About Flooring of SC"
"Subzero Freezer Company Inc.", "Subzero Freezer Company Inc."
"Viking Range Corporation", "Viking Range Corporation"
"McSwain Carpets", "McSwain Carpets"
"Michigan Tile and Carpet", "Michigan Tile and Carpet"
"Essis & Sons Carpet", "Essis & Sons Carpet"
"Mid-West Flr Co", "Mid-West Flr Co"
"Migala Carpet One Floor & Home", "Migala Carpet One Floor & Home"
"Kelly's Carpet Omaha", "Kelly's Carpet Omaha"
"Tire Centers Inc. ", "Tire Centers Inc."
"Husqvarna Forest & Garden Products", "Husqvarna Forest & Garden Products"
"Kelley Karpets", "Kelley Karpets"
"Ozark Floors", "Ozark Floors"
"Tire Centers Inc. ", "Tire Centers Inc."
"Carpet One", "Oscar's Carpet One"
"Milburn Carpet One", "Milburn Carpet One"
"Mill Creek Carpet and Tile", "Mill Creek Carpet & Tile"
"Mitchell's Floor Designs", "Mitchell's Floor Designs"
"Mizell Floor Covering", "Mizell Floor Covering"
"Modern Tile & Carpet, Inc", "Modern Tile & Carpet, Inc"
"Montgomery Carpets", "Montgomery Carpet"
"Montgomerys Furniture", "Montgomery Furniture"
"Moorman's Carpets Inc", "Moorman's Carpets Inc"
"Morrison - Clark Inc", "Morrison - Clark Inc"
"MUFI International / Park Carpet", "MUFI International / Park Carpet"
"Murison`s Flooring America", "Murison`s Flooring America"
"Flooring America", "My Dad's Flooring America"
"Myers Carpet", "Myers Carpet"
"Myers Carpet", "Myers Carpet TN"
"Myers Floors & Interiors", "Myers Floors & Interiors"
"Armstrong World Industries, Inc.", "Armstrong World Industries"
"Nantucket Home", "Nantucket Home"
"Mannington", "Mannington Mills, Inc."
"K.A. Pridjian & Co.", "K.A. Pridjian & Co."
"Carpet One Tucson", "National Carpet / Carpet One Tucson"
"Carpet Gallery", "Carpet Gallery"
"Neff`s Custom Designs", "Neff`s Custom Designs"
"T.F. Andrew Company", "T.F. Andrew Company"
"Flooring America", "The Famous Carpet Barn / Flooring America"
"Nigohsian Carpet and Rug", "Nigohsian Carpet and Rug"
"NJDX New Jeresy Decorating Exchange", "NJDX New Jeresy Decorating Exchange"
"Hunter Douglas Inc", "Hunter Douglas Inc"
"Northern Flooring & Interiors", "Northern Flooring & Interiors"
"O'Briens Carpet One", "O'Briens Carpet One"
"Onondaga Flooring", "Onondaga Flooring"
"Pace Stone", "Pace Stone"
"Palmetto Carpet & Floor Covering", "Palmetto Carpet & Floor Covering"
"Subzero Freezer Company Inc.", "Subzero Freezer Company Inc."
"Paramount Rug Co", "Paramount Rug Co"
"PARKER FURNITURE", "Parker Furniture"
"Drenners Carpet Gallery", "Drenners Carpet Gallery"
"Roberts Floorcovering, Inc.", "Roberts Floorcovering, Inc."
"Subzero Freezer Company Inc.", "Subzero Freezer Company Inc."
"Morrison - Clark Inc", "Morrison - Clark Inc"
"Riemer Floors", "Riemer Floors"
"McCool's Flooring Outlet", "McCool's Flooring Outlet"
"Peek's Carpet & Tile", "Peek's Carpet & Tile"
"Peerless Imported Rugs", "Peerless Imported Rugs"
"Carpet Value Center / Flooring America of White Plains", "Carpet Value Center / Flooring America of White Plains"
"Permanent Floors Carpet One", "Permanent Floors"
"Giant Floor & Wallcovering", "Giant Floor & Wallcovering"
"Dalton West of Newnan", "Dalton West of Newnan"
"Messner Carpeting", "Messner Carpeting"
"G Fried Carpet", "G Fried Carpet"
"Miami Carpet & Tile", "Miami Carpet & Tile"
"Flooring Systems", "JP Flooring Systems, Inc."
"Phillips Floor to Ceilings", "Phillips Floor to Ceilings"
"Piedmont Flooring & Design / Kemper Carpet", "Piedmont Flooring & Design / Kemper Carpet"
"PJ's Decorative Fabrics", "PJ's Decorative Fabrics"
"Poppell Brothers", "Poppell Brothers"
"Powers Carpet One", "Powers Carpet One"
"Preferred Floors", "Preferred Floors"
"Prenger Furniture", "Prenger Furniture"
"Prestige Carpets", "Prestige Carpet"
"Pumco Interiors", "Pumco Interiors"
"Quality Carpet", "Quality Carpet One Flooring"
"Grand Design", "Grand Design Floors"
"ROBERTS Carpet & Fine Floors", "ROBERTS Carpet & Fine Floors"
"Stinson Carpet Inc", "Stinson Carpet Inc"
"Flooring America", "Alpine Flooring America"
"Floor Rio & Abbey Carpets Inc", "Floor Rio & Abbey Carpets Inc"
"RC Wiley", "RC Willey"
"Home Plus Floors", "Home Plus Floors"
"Rice Furniture Co Inc", "Rice Furniture Co Inc"
"Carpet One", "East Windsor Carpet One"
"The King Of Carpets", "The King Of Carpets"
"Armstrong World Industries, Inc.", "Armstrong World Industries"
"RPM Carpets & Floor Coverings", "RPM Carpets & Floor Coverings"
"Rick's Carpet and Flooring", "Rick's Carpet and Flooring"
"Riemer Floors", "Riemer Floors"
"Rite Loom Carpet Co", "Rite Loom Carpet Co"
"River Floors", "River Floors"
"Luna Flooring Gallery", "Luna Flooring Gallery"
"Armstrong World Industries, Inc.", "Armstrong World Industries"
"Rob's Custom Flooring", "Rob's Custom Flooring"
"The Carpetman", "The Carpetman"
"Viking Range Corporation", "Viking Range Corporation"
"Hunter Douglas Inc", "Hunter Douglas Inc"
"Ace Flooring", "Ace Flooring Systems Inc"
"ROBERTS Carpet & Fine Floors", "ROBERTS Carpet & Fine Floors"
"Roberts Floorcovering, Inc.", "Roberts Floorcovering, Inc."
"Rochester Linoleum & Carpet", "Rochester Linoleum & Carpet"
"Ruggs Benedict", "Ruggs Benedict"
"Hatch Furniture", "Hatch Furniture"
"Hunter Douglas N.V.", "Hunter Douglas N.V."
"Ropposch Brothers Floor Covering Inc", "Ropposch Brothers Floor Covering Inc"
"Speedwell Design", "Speedwell Design"
"Carpet One Floor & Home", "Roseville Carpet One Floor & Home"
"Rotmans Furniture & Carpet", "Rotmans Furniture & Carpet"
"Rustigian Rugs", "Rustigian Rugs"
"Rug and Home", "Rug and Home"
"Rug Masters, Inc", "Rug Masters"
"Hagopian Rug Outlet", "Rug Outlet"
"Ruggs Benedict", "Ruggs Benedict"
"Carpeteria-Semerjian", "Rugs Express / CARPETERIA-SEMERJIAN"
"Runyon`s Furniture & Floor Covering", "Runyon`s Furniture & Floorcovering"
"Rusmur Floors", "Rusmur Floors"
"Menke Floors", "Menke Floors"
"Russells House of Furniture", "Russells House of Furniture"
"Rysers Floorcovering", "Rysers Floorcovering"
"Sail On Carpet", "Sail on Carpet"
"Saliba's Rug Sales & Service", "Saliba's Rug Sales & Service"
"Husqvarna Forest & Garden Products", "Husqvarna Forest & Garden Products"
"Carpetland", "Carpetland"
"The Rug Gallery", "The Rug Gallery"
"ROBERTS Carpet & Fine Floors", "ROBERTS Carpet & Fine Floors"
"Stevens Carpet One", "Stevens Carpet One"
"Sams Carpet", "Sams Carpet"
"Barnard's Carpet One", "Barnard's Carpet One"
"Armstrong World Industries, Inc.", "Armstrong World Industries"
"Broadway Carpet", "Broadway Carpet"
"Carpet One Floor & Home", "Jabro Carpet One Floor & Home"
"Hunter Douglas Inc", "Hunter Douglas Inc"
"Sarkissian Carpet One", "Sarkissian Carpet One"
"Tire Centers Inc. ", "Tire Centers Inc."
"Carpet Corner", "Carpet Corner"
"World of Carpet One Floor & Home", "World of Carpet One Floor & Home"
"Hester's Abbey Floor Covering", "Hester's Abbey Floor Covering"
"Fox Floors", "Fox Floors"
"Gardner Floor Covering", "Gardner Floor Covering"
"Flooring America", "Kepples Carpet Flooring America"
"Subzero Freezer Company Inc.", "Subzero Freezer Company Inc."
"Carpets of Dalton", "Carpets of Dalton"
"SELECT CARPET AND FLOOR INC.", "SELECT CARPET AND FLOOR INC."
"Sergenian`s Floor Coverings", "Sergenian`s Floor Coverings"
"Shaheen Floor Gallery", "Shaheen Floor Gallery"
"Fishers Floor Covering", "Fishers Floor Covering"
"Armstrong World Industries, Inc.", "Armstrong World Industries"
"Hunter Douglas Inc", "Hunter Douglas Inc"
"Sharp Carpet & Ceramic Tile Inc", "Sharp Carpet & Ceramic Tile Inc"
"Flooring America", "A&M Flooring America/A&M Carpet"
"Sherlock's Carpet & Tile", "Sherlock's Carpet & Tile"
"Abbey Carpet Flooring & Design Center", "Abbey Carpet Flooring & Design Center"
"Sistare Carpets Inc", "Sistare Carpets Inc"
"Carpet One", "Skelton's Carpet One"
"Specialty Carpet Showroom", "Specialty Carpet Showroom"
"Speedwell Design", "Speedwell Design"
"Speers Road Broadloom", "Speers Road Broadloom"
"Sprintz Furniture Showroom", "Sprintz Furniture Showroom"
"Viking Range Corporation", "Viking Range Corporation"
"Drexel Incorporated", "Drexel Incorporated"
"Standale Interiors", "Standale Interiors"
"Steffen Furniture", "Steffen Furniture"
"Carpet Village", "Carpet Village"
"Armstrong World Industries, Inc.", "Armstrong World Industries"
"Arnold's Carpet Max", "Arnold's Carpet Max"
"M M M Carpets", "M M M Carpets"
"Subzero Freezer Company Inc.", "Subzero Freezer Company Inc."
"LaCour`s Carpet World Abbey Carpet & Floor", "Abbey Carpet & Floor"
"Issis & Sons Carpet & Oriental Rugs", "Issis & Sons Carpet & Oriental Rugs"
"Carpet One", "Westland Carpet One"
"Crest Wholesale Carpet Distributors", "Crest Wholesale Carpet Distributors/Crown Carpetland"
"Mannington", "Mannington Mills, Inc."
"Ramey Rug", "Ramey Rug"
"Lewis Floor & Home", "Lewis Floor & Home"
"Stevens Carpet One", "Stevens Carpet One"
"Stinson Carpet Inc", "Stinson Carpet Inc"
"Stokes Floor Covering", "Stokes Floor Covering"
"Stoneridge Flooring Design", "Stoneridge Flooring Design"
"Michael's Floor Covering", "Studer's Floor Covering; Michael's Floor Covering"
"Suburban Floor Covering Abbey Carpet", "Suburban Floor Covering Abbey Carpet"
"Subzero Freezer Company Inc.", "Subzero Freezer Company Inc."
"Dobson Flooring America", "Dobson Flooring America"
"Culver Rug Company", "Culver Rug Company"
"Summerlin Floors Inc.", "Summerlin Floors Inc."
"Superior Floor Designs", "Superior Floor Designs"
"Flooring Systems", "JP Flooring Systems, Inc."
"Swanson Floor Coverings", "Swanson Floor Coverings"
"Sweeney Brothers", "Sweeney Brothers"
"T.F. Andrew Company", "T.F. Andrew Company"
"Tahoe Specialty Carpets & Design Center", "TAHOE SPECIALTY CARPETS & DESIGN CENTER"
"Carpet One", "Hosner Carpet One"
"Carpet One", "The Rug Mart Carpet One"
"Carpet Gallery", "The Carpet Gallery (Wisconsin)"
"The Carpet Shop", "The Carpet Shop"
"The Carpet Store of Milwaukee / Carpet Mill Store", "The Carpet Store of Milwaukee / Carpet Mill Store"
"The Carpetman", "The Carpetman"
"The Dixie Group", "The Dixie Group, Inc."
"Flooring America", "The Famous Carpet Barn / Flooring America"
"The Floor Store", "The Floor Store (AZ)"
"The Flooring Center Orlando", "The Flooring Center Orlando"
"The Great Carpet Company", "The Great Carpet Company"
"The Malchow Co", "The Malchow Co"
"Leader Carpet", "The Marks Org. / Leader Carpet"
"The Rug Gallery", "The Rug Gallery"
"The Rug Gallery of Zionsville", "The Rug Gallery of Zionsville"
"The Square Yard", "The Square Yard"
"K.A. Pridjian & Co.", "K.A. Pridjian & Co."
"Color Interiors", "Color Interiors"
"Commercial Carpet & Rug / Commercial Carpet Corp", "Commercial Carpet & Rug / Commercial Carpet Corp"
"Armstrong World Industries, Inc.", "Armstrong World Industries"
"Steffen Furniture", "Steffen Furniture"
"Viking Range Corporation", "Viking Range Corporation"
"Viking Range Corporation", "Viking Range Corporation"
"Erskine Interiors", "Erskine Interiors"
"Flooring Center Inc", "Greer Flooring Center Inc"
"Sherlock's Carpet & Tile", "Sherlock's Carpet & Tile"
"Tolivers Carpet One / House of Carpet", "Tolivers Carpet One / House of Carpet"
"Merkel Carpet One", "Merkel Carpet One"
"Bixby Plaza Carpets Plus", "Bixby Plaza Carpets Plus"
"TOTAL FLOOR COVERING INC", "Total Floor Covering"
"Tire Centers Inc. ", "Tire Centers Inc."
"Burritt Brothers Carpets", "Burritt Brothers Carpets"
"Sherlock's Carpet & Tile", "Sherlock's Carpet & Tile"
"Viking Range Corporation", "Viking Range Corporation"
"Tudor Carpet One", "Tudor Carpet One"
"Pace Stone", "Pace Stone"
"Levi's 4 Floors", "Levi's 4 Floors"
"Vallow Floor Covering Inc", "Vallow Floor Covering, Inc."
"Value Carpet One", "Value Carpet One"
"Venetian Blind Carpet One", "Venetian Blind Carpet One"
"Viking Range Corporation", "Viking Range Corporation"
"Viking Range Corporation", "Viking Range Corporation"
"Village Barn Carpets & Rugs", "Village Barn Carpets & Rugs"
"Ace Flooring", "Ace Flooring Systems Inc"
"Wallflowers Design Center", "Wallflowers Design Center"
"Florence Carpet & Tile", "Florence Carpet & Tile"
"Tolivers Carpet One / House of Carpet", "Tolivers Carpet One / House of Carpet"
"warehouse carpet", "Warehouse Carpet"
"Wayne Wiles Floor Covering", "Wayne Wiles Floor Covering"
"Weber Carpet Inc.", "Weber Carpet Inc."
"G Fried Carpet", "G Fried Carpet"
"Westbay Decorating", "Westbay Decorating"
"Husqvarna Forest & Garden Products", "Husqvarna Forest & Garden Products"
"SELECT CARPET AND FLOOR INC.", "SELECT CARPET AND FLOOR INC."
"World of Carpet One Floor & Home", "World of Carpet One Floor & Home"
"World of Floors", "World of Floors"
"Yates Flooring Center", "Yates Flooring Center"
"Yonan Carpet One Floor and Home", "Yonan Carpet One Floor and Home"
"Young's Floor Covering", "Young's Floor Covering and Draperies Inc"
"Coles Fine Flooring", "Coles Fine Flooring"
"Mannington", "Mannington Mills, Inc."
"Zersen Flooring", "Zersen Flooring Inc"
2971 of 3851
